Class,X1,Y1,X2,Y2,Confidence
Brevipoalpus lewisi McGregor,141.24127,0.0,1215.8484,698.19653,0.4026368
Brevipoalpus lewisi McGregor,219.31519,0.0,1237.5494,697.3314,0.48880175
Brevipoalpus lewisi McGregor,237.99274,0.0,1233.8286,693.9055,0.53719693
Brevipoalpus lewisi McGregor,262.44275,0.0,1227.8245,684.8699,0.5138169
Brevipoalpus lewisi McGregor,304.76025,0.0,1173.3193,676.5544,0.49484208
Brevipoalpus lewisi McGregor,270.90378,0.0,1226.7705,679.728,0.47905275
Brevipoalpus lewisi McGregor,257.98453,0.0,1244.1967,676.0879,0.4505298
Brevipoalpus lewisi McGregor,252.80685,0.0,1261.7627,680.1941,0.4569515
Brevipoalpus lewisi McGregor,265.6284,0.0,1243.7465,684.2184,0.3962165
Brevipoalpus lewisi McGregor,259.26773,0.0,1247.0104,696.7607,0.3496429
Brevipoalpus lewisi McGregor,362.35187,0.0,1254.981,693.96533,0.3248627
Brevipoalpus lewisi McGregor,389.98425,0.0,1263.1313,682.86456,0.45739204
Brevipoalpus lewisi McGregor,388.76056,0.0,1272.0923,675.9669,0.50145596
Brevipoalpus lewisi McGregor,370.5014,0.0,1280.0,665.78186,0.47384432
Brevipoalpus lewisi McGregor,368.8766,0.0,1279.7544,660.3639,0.49342766
Brevipoalpus lewisi McGregor,353.49423,0.0,1280.0,664.83704,0.36089075
Brevipoalpus lewisi McGregor,365.4864,0.0,1275.3215,659.2095,0.37073964
Brevipoalpus lewisi McGregor,358.65024,0.0,1275.2731,658.4,0.30583048
Brevipoalpus lewisi McGregor,365.8156,0.0,1280.0,660.0243,0.3107842
Brevipoalpus lewisi McGregor,370.7296,0.0,1280.0,662.60864,0.43014336
Brevipoalpus lewisi McGregor,360.18637,0.0,1274.2467,662.6615,0.396384
Brevipoalpus lewisi McGregor,315.4572,0.0,1266.7715,689.4167,0.30608356
Brevipoalpus lewisi McGregor,316.13757,0.0,1259.1475,689.44855,0.4400075
Brevipoalpus lewisi McGregor,256.72836,0.0,1234.0875,691.79047,0.3150944
Brevipoalpus lewisi McGregor,252.01248,0.0,1237.5352,686.1415,0.3004776
Brevipoalpus lewisi McGregor,260.02652,1.973999,923.1625,675.59735,0.34509823
Brevipoalpus lewisi McGregor,189.6243,11.713593,889.5155,677.78296,0.31994146
Brevipoalpus lewisi McGregor,189.15027,10.914276,893.5404,666.21265,0.30040452
Brevipoalpus lewisi McGregor,203.50806,17.015533,882.5453,672.48584,0.31763756
Brevipoalpus lewisi McGregor,197.10031,12.616608,878.3146,671.3799,0.40667352
Brevipoalpus lewisi McGregor,199.60345,14.120819,874.4766,678.49097,0.3428551
Brevipoalpus lewisi McGregor,199.49023,16.783417,876.9269,674.24805,0.39342192
Brevipoalpus lewisi McGregor,203.97043,7.8548584,880.8229,679.59534,0.44256932
Brevipoalpus lewisi McGregor,201.45361,12.08728,878.4696,674.38135,0.3297351
Brevipoalpus lewisi McGregor,201.2781,12.314697,879.8977,674.5633,0.30810377
Brevipoalpus lewisi McGregor,201.36081,14.14386,877.9099,676.535,0.42285815
Brevipoalpus lewisi McGregor,200.38132,11.920624,876.8157,679.06323,0.35637525
Brevipoalpus lewisi McGregor,199.82404,13.427521,871.77826,668.49194,0.40403283
Brevipoalpus lewisi McGregor,197.28885,14.480255,879.79675,683.0343,0.32302895
Brevipoalpus lewisi McGregor,198.18854,15.260742,873.02203,673.97046,0.37177104
Brevipoalpus lewisi McGregor,198.73117,11.896606,874.4634,674.1814,0.40918726
Brevipoalpus lewisi McGregor,194.02399,13.511475,883.53754,676.24365,0.37585577
Brevipoalpus lewisi McGregor,190.97482,7.6917725,888.56396,672.2025,0.37107542
Brevipoalpus lewisi McGregor,635.5925,14.304993,1272.1309,664.19836,0.32622367
Adristyrannus,17.76477,31.84964,1280.0,658.2012,0.3543931
Cicadellidae,3.038971,229.613,602.8086,670.83704,0.32993552
Cicadellidae,2.1689453,227.47461,627.88196,680.65027,0.3747643
Cicadellidae,3.635437,226.55144,643.0416,681.2036,0.3526612
Cicadellidae,0.0,233.06119,662.97095,681.4397,0.35936192
Cicadellidae,0.0,243.19012,668.9534,685.8301,0.3215665
Cicadellidae,0.0,248.92096,691.75366,687.58405,0.38548052
Cicadellidae,0.0,243.16321,700.42615,701.4995,0.37105295
Cicadellidae,0.0,241.31635,709.77234,695.7233,0.32617766
Cicadellidae,0.0,239.4978,721.81165,702.74774,0.31382793
Cicadellidae,0.0,237.1557,726.1661,694.19574,0.37983412
Cicadellidae,0.63998413,233.21136,730.0293,692.4803,0.36560354
Cicadellidae,0.0,231.68044,738.73773,695.9713,0.39395225
Cicadellidae,0.0,254.96713,675.8523,709.56165,0.30770865
Cicadellidae,3.2512817,234.21777,652.10547,695.5521,0.37641704
Cicadellidae,3.5331116,229.95105,651.7184,683.66516,0.4421207
grub,0.0,235.14023,651.82666,678.1638,0.3544076
grub,0.0,235.0697,649.3231,679.3729,0.33538413
Cicadellidae,5.6225586,215.99263,641.848,681.66156,0.31766525
Cicadellidae,0.0,220.02444,604.54285,679.916,0.3115424
Cicadellidae,3.1742249,222.13976,591.6216,684.28345,0.31980842
Cicadellidae,1.6818237,224.19746,589.41046,687.08954,0.44054353
Cicadellidae,2.0546875,221.57864,593.6669,685.7604,0.4213443
Cicadellidae,1.1434631,220.39734,585.7218,689.75525,0.5575643
Cicadellidae,0.26174927,222.08647,585.5902,685.54315,0.45060015
Cicadellidae,0.47958374,220.5589,587.4386,693.8213,0.4351946
Cicadellidae,0.0,220.00911,586.86383,683.462,0.35194772
Cicadellidae,0.5708008,214.76224,591.9328,675.0941,0.40961212
Cicadellidae,0.0,196.50557,589.0257,673.21674,0.4114039
Cicadellidae,0.0,198.5421,594.53345,665.869,0.31287336
Cicadellidae,3.1774902,197.65256,599.7582,662.5383,0.31079024
Cicadellidae,5.051178,186.03401,598.85864,662.77136,0.44593236
Cicadellidae,4.152832,180.54265,597.6023,667.3476,0.502256
Cicadellidae,3.178833,183.14743,595.95337,669.0238,0.42502385
Cicadellidae,1.6290283,180.86191,594.95074,663.7014,0.42246845
Cicadellidae,2.9088745,185.66168,592.44464,656.5704,0.30791733
Cicadellidae,1.3117676,183.39232,591.71985,656.8895,0.39552456
Cicadellidae,3.4466248,181.36256,589.15784,662.3655,0.50908095
Cicadellidae,4.457245,194.96307,590.05615,667.3898,0.45850074
Cicadellidae,1.7700806,208.21715,587.8615,687.8445,0.41128296
Cicadellidae,1.4949036,213.43141,589.07446,698.99963,0.32434136
Cicadellidae,2.1352234,217.68289,590.572,697.3279,0.44315985
Cicadellidae,1.8848572,210.28133,586.062,705.4416,0.53833026
Cicadellidae,1.8122559,219.9217,586.93445,704.7625,0.52798784
Cicadellidae,0.8982849,217.15334,583.35876,702.55725,0.58834225
Cicadellidae,3.4795837,214.69771,590.1127,699.64685,0.54920316
Cicadellidae,0.82577515,220.00885,592.20215,692.038,0.53575915
Cicadellidae,2.0387573,214.90298,594.23645,695.70447,0.32360572
Cicadellidae,2.212494,209.83582,597.0464,703.7656,0.4105534
Cicadellidae,2.879486,211.81137,600.22705,697.6476,0.42482096
Cicadellidae,1.8834839,208.03868,597.4942,698.6678,0.38799402
Cicadellidae,3.4914856,214.20131,603.147,697.9199,0.37576097
Cicadellidae,0.0,214.39534,594.9884,705.40063,0.39344808
Cicadellidae,1.8387756,218.05809,598.9833,701.9531,0.34231633
Cicadellidae,1.4880981,221.91748,597.08936,703.6184,0.44227558
Cicadellidae,0.0,219.84094,598.74524,704.1183,0.47472364
Cicadellidae,0.5114746,239.88971,556.4874,705.95294,0.3956127
Cicadellidae,0.0,240.35132,597.73535,716.7858,0.34117436
Cicadellidae,3.4685364,243.72931,609.05383,711.6211,0.40534875
Cicadellidae,1.3109436,247.77832,606.33093,718.2115,0.31044218
Cicadellidae,1.0909424,246.71472,602.6135,715.7869,0.33020794
Cicadellidae,0.95944214,247.38855,600.7997,714.5746,0.335598
Cicadellidae,0.93081665,241.15497,601.37634,712.75726,0.3544434
Cicadellidae,0.19537354,237.13962,601.53925,719.0668,0.5015575
Cicadellidae,2.0390015,235.57413,608.73724,713.06726,0.33610898
Cicadellidae,1.9369202,233.53998,674.35547,698.5202,0.3047283
Cicadellidae,0.7018738,232.24707,675.4595,702.9247,0.41680366
Cicadellidae,0.5951843,225.67499,691.4789,704.87854,0.41694665
Cicadellidae,0.0,228.44872,718.2578,711.6127,0.39604566
Cicadellidae,1.4781494,225.66124,732.2852,705.6771,0.36664
Cicadellidae,0.34310913,229.86462,730.8672,710.532,0.46445477
Cicadellidae,0.0,240.67126,726.4237,711.1556,0.41227868
Cicadellidae,0.0,230.63785,739.28955,720.0,0.56010276
Cicadellidae,0.0,237.20538,747.37854,720.0,0.3497604
Cicadellidae,0.0,229.65382,763.6332,720.0,0.5996404
Cicadellidae,2.8901062,224.67648,762.6322,720.0,0.5035439
Cicadellidae,2.208313,242.01065,755.4439,720.0,0.40185162
Cicadellidae,0.0,249.82794,737.4346,720.0,0.41204658
Cicadellidae,0.0,236.28693,738.9203,720.0,0.30634564
Cicadellidae,0.5939636,231.88547,744.88135,720.0,0.5544585
Cicadellidae,0.0,237.30383,752.26166,720.0,0.56970257
Cicadellidae,0.0,229.69424,766.46484,720.0,0.6276128
Cicadellidae,0.0,228.93227,782.1163,720.0,0.4542807
Cicadellidae,0.6241455,224.87152,788.0365,720.0,0.43786332
Cicadellidae,2.1222534,220.95589,777.9635,720.0,0.50754684
Cicadellidae,0.0,226.05038,788.70325,720.0,0.5448067
Cicadellidae,0.0,233.21545,787.2682,720.0,0.5114453
Cicadellidae,0.0,226.02484,791.3225,720.0,0.59507036
Cicadellidae,0.0,224.25253,778.60504,719.3694,0.5783398
Cicadellidae,4.3279724,218.6036,785.306,720.0,0.5351939
Cicadellidae,4.264679,221.93088,781.478,720.0,0.6252586
Cicadellidae,1.4108582,220.70343,777.2781,720.0,0.5484892
Cicadellidae,0.35809326,220.11665,779.0269,720.0,0.56620234
Cicadellidae,1.0803833,231.13266,778.0584,720.0,0.5845296
Cicadellidae,0.0,225.55678,764.67816,720.0,0.63164866
Cicadellidae,0.0,221.60286,767.0477,720.0,0.6553837
Cicadellidae,0.7015991,221.4501,777.9566,720.0,0.60029835
Cicadellidae,0.0,235.59409,776.4884,720.0,0.5342511
Cicadellidae,0.0,235.13919,781.228,720.0,0.45043707
Cicadellidae,0.0,227.58267,789.92224,720.0,0.500578
Cicadellidae,0.0,235.5727,781.3993,720.0,0.46079013
Cicadellidae,0.0,240.01514,794.6384,720.0,0.30753958
Cicadellidae,0.0,238.67245,789.449,720.0,0.49635354
Cicadellidae,7.5149536,243.75403,796.0197,710.2943,0.49290243
Cicadellidae,21.01117,246.59192,803.6422,710.23676,0.46658942
Cicadellidae,25.647491,245.93088,804.36145,712.3989,0.44416744
Cicadellidae,23.988922,249.9784,802.1244,712.904,0.43672007
Cicadellidae,12.782654,244.63574,795.00165,709.85144,0.51720554
Cicadellidae,6.8198853,242.56345,797.08154,712.19055,0.43171322
Cicadellidae,10.9644165,242.85516,796.9244,712.1945,0.39202043
Cicadellidae,12.73822,244.82745,800.21533,720.0,0.43592268
Cicadellidae,20.967834,242.58823,802.9002,720.0,0.3040594
Cicadellidae,11.450806,233.35672,793.2491,720.0,0.36655974
Cicadellidae,0.0,232.74219,793.61646,720.0,0.3500964
Cicadellidae,6.2187805,220.52782,787.0547,720.0,0.35615507
Cicadellidae,3.960083,224.37653,777.6846,720.0,0.41305366
Cicadellidae,0.0,229.60936,770.77423,720.0,0.58788115
Cicadellidae,0.0,231.4976,776.1975,720.0,0.6594898
Cicadellidae,0.0,229.8228,789.09393,720.0,0.5456423
Cicadellidae,0.0,236.24078,788.88116,719.8998,0.49397743
Cicadellidae,0.0,242.76611,793.0048,720.0,0.50943553
Cicadellidae,11.78241,244.53812,809.1851,720.0,0.49027404
Cicadellidae,22.929382,233.6095,819.14935,720.0,0.38063315
Cicadellidae,14.831329,235.40417,811.3956,720.0,0.38658074
Cicadellidae,15.693207,237.64929,799.5488,720.0,0.36454067
Cicadellidae,0.0,221.86649,792.9425,720.0,0.43990818
Cicadellidae,18.95514,194.54865,805.60364,699.914,0.42761394
Cicadellidae,11.06842,193.84521,799.9454,709.96606,0.59319377
Cicadellidae,8.676453,177.47284,795.0447,705.6742,0.65574116
Cicadellidae,9.307709,183.26889,787.89905,710.7831,0.6594009
Cicadellidae,3.7114563,188.38533,784.6427,694.69135,0.54575515
Cicadellidae,0.0,181.89447,780.4475,704.48145,0.5195092
Cicadellidae,0.94296265,172.79605,775.5121,700.72266,0.57007873
Cicadellidae,1.4569702,167.70972,778.90265,699.30695,0.6095463
Cicadellidae,0.0,192.38602,782.5875,703.7119,0.5695626
Cicadellidae,0.0,183.2634,780.88477,695.64746,0.52957296
Cicadellidae,0.0,178.9093,783.51135,701.6043,0.48801196
Cicadellidae,0.0,180.9154,784.1486,701.76306,0.50418615
Cicadellidae,0.0,187.28201,785.4074,699.7119,0.49694216
Cicadellidae,0.0,188.61447,786.6017,702.19116,0.4777438
Cicadellidae,0.0,194.41116,781.76404,708.4768,0.61088383
Cicadellidae,2.7294006,197.07874,784.0542,700.23285,0.54912114
Cicadellidae,0.03375244,196.8378,787.2455,699.6067,0.53854066
Cicadellidae,0.038330078,178.70828,788.1823,697.09863,0.48538825
Cicadellidae,0.2558899,179.52411,782.9957,700.06146,0.5678824
Cicadellidae,0.0,177.75632,783.8946,695.8684,0.5767183
Cicadellidae,0.0,165.32321,786.50024,706.16736,0.60374266
Cicadellidae,0.0,167.06525,787.5438,699.5927,0.5354576
Cicadellidae,0.17782593,192.85202,793.93896,706.78516,0.53367865
Cicadellidae,10.806244,191.97018,809.9935,713.4115,0.5244307
Cicadellidae,10.276459,186.41083,801.32263,717.1734,0.51118547
Cicadellidae,29.582886,182.69644,826.65625,715.0713,0.4054088
Cicadellidae,41.846466,175.46997,851.881,716.34674,0.32445055
Cicadellidae,42.167236,181.43362,854.9509,709.4154,0.4211925
Cicadellidae,32.372284,177.67859,830.36926,710.1639,0.31125188
Cicadellidae,25.018188,175.9649,809.2874,704.08167,0.3093999
Cicadellidae,16.019104,204.46901,852.3972,705.0689,0.34912762
Cicadellidae,31.614685,203.19612,842.44324,703.76685,0.36243367
Cicadellidae,28.651611,201.41988,838.32904,713.3797,0.41089976
Cicadellidae,14.250305,208.91261,794.3312,708.9114,0.41362962
Cicadellidae,12.735443,207.95229,790.4313,704.4385,0.50008345
Cicadellidae,13.137909,208.01091,792.14185,702.61957,0.3452579
Cicadellidae,21.776337,207.42459,796.17725,704.11,0.31656682
Cicadellidae,26.493683,206.41446,802.07227,708.3933,0.31390926
Cicadellidae,27.51593,211.8478,810.2034,709.8178,0.41461635
Cicadellidae,25.439697,235.95148,806.08606,714.1457,0.31951416
Cicadellidae,19.361023,231.54567,803.6121,720.0,0.36037976
Cicadellidae,18.67331,229.8414,811.8301,720.0,0.49890286
Cicadellidae,8.646698,226.09628,811.9363,720.0,0.44666743
Cicadellidae,16.123047,225.89082,809.4344,720.0,0.5635827
Cicadellidae,14.745361,229.02837,816.6913,720.0,0.5145374
Cicadellidae,13.889709,221.20844,820.5163,720.0,0.5462235
Cicadellidae,27.621857,212.09695,835.62085,720.0,0.37772432
Cicadellidae,23.557861,211.64835,837.9675,720.0,0.44555363
Cicadellidae,22.932526,218.28934,845.0442,720.0,0.4499719
Cicadellidae,23.851257,222.14557,847.1241,720.0,0.33634144
Cicadellidae,24.596924,227.58336,845.68555,720.0,0.32787174
Cicadellidae,25.491028,230.65002,838.0611,720.0,0.3918263
Cicadellidae,27.259705,213.99191,842.0748,720.0,0.59086293
Cicadellidae,13.312042,201.82623,831.6078,720.0,0.61295605
Cicadellidae,21.75232,204.27808,843.0798,720.0,0.51079124
Cicadellidae,23.646942,211.9004,833.51,711.674,0.36885592
Cicadellidae,28.35019,210.08261,840.0803,711.963,0.30612984
Cicadellidae,29.900574,193.29102,833.8552,712.1064,0.41712898
Cicadellidae,14.832062,198.73337,811.7372,710.55994,0.5010993
Cicadellidae,11.815033,174.15744,807.88184,702.4031,0.51532644
Cicadellidae,9.740082,176.1055,801.2257,701.89246,0.62364197
Cicadellidae,2.962738,186.31229,799.17737,714.3926,0.6770545
Cicadellidae,2.0983582,172.63156,795.1725,710.6758,0.564597
Cicadellidae,0.8609009,157.52017,791.9893,707.02344,0.65086585
Cicadellidae,0.0,158.72607,791.6437,688.53,0.67747897
Cicadellidae,2.9221497,157.7467,788.99133,692.301,0.6903421
Cicadellidae,0.0,159.57999,791.2865,683.2881,0.6588733
Cicadellidae,6.839966,154.54495,792.7974,688.12476,0.67068046
Cicadellidae,0.0,157.82703,792.9419,684.29004,0.6674333
Cicadellidae,0.18099976,154.45267,788.3954,692.1013,0.6297292
Cicadellidae,4.3561096,158.22552,782.2291,687.2786,0.62924564
Cicadellidae,0.0,156.27325,787.80426,681.1534,0.62818134
Cicadellidae,4.7489624,157.96158,787.8198,684.55237,0.6215594
Cicadellidae,0.0,154.85858,786.6001,690.93866,0.6115525
Cicadellidae,5.647583,162.37665,793.3003,699.6809,0.5296926
Cicadellidae,5.9886475,172.42584,795.0624,691.24854,0.5641105
Cicadellidae,6.716217,177.1004,789.95166,688.9109,0.5285461
Cicadellidae,2.8872375,176.29666,790.8081,699.6018,0.46660343
Cicadellidae,8.177124,170.86801,782.97687,693.42004,0.46671674
Cicadellidae,0.0,169.52744,781.16223,704.3657,0.55467796
Cicadellidae,0.0,169.79117,779.89014,695.9197,0.3685499
Cicadellidae,8.2239685,167.40363,782.2378,716.2345,0.48541084
Cicadellidae,0.0,148.4885,770.2277,697.62256,0.5227898
Cicadellidae,0.6265869,164.0105,760.15027,713.9798,0.6039879
Cicadellidae,5.915924,167.00497,745.4818,708.2788,0.48746324
Cicadellidae,8.374725,182.76013,749.59546,706.7722,0.3829191
Cicadellidae,5.938385,190.94872,747.99634,702.8969,0.4051767
Cicadellidae,6.671417,182.16391,748.94446,706.57275,0.46494603
Cicadellidae,4.2405396,180.58875,745.3722,705.7074,0.5124203
Cicadellidae,1.467865,178.6576,746.2905,717.1186,0.5694589
Cicadellidae,0.61135864,175.11307,741.8231,719.515,0.6093011
Cicadellidae,1.0988464,184.1962,747.8976,715.1655,0.55869037
Cicadellidae,0.10784912,179.74963,747.9097,713.7355,0.47391897
Cicadellidae,0.25637817,194.57906,750.40845,703.97034,0.53692406
Cicadellidae,0.0,197.64175,743.3015,705.9359,0.50058997
Cicadellidae,0.0,196.6589,741.09204,710.13074,0.53726184
Cicadellidae,0.0,194.07791,739.69415,708.83276,0.48201317
Cicadellidae,0.0,191.75687,749.24866,705.9951,0.5655534
Cicadellidae,0.0,186.20154,740.77405,704.89825,0.49563083
Cicadellidae,0.0,194.07724,741.01636,698.9341,0.49423748
Cicadellidae,0.0,209.91518,742.2999,698.0215,0.47379795
Cicadellidae,1.3889465,212.34854,738.01355,699.6395,0.4228787
Cicadellidae,2.0627441,208.45778,730.1141,694.23035,0.3601947
Cicadellidae,0.0,221.58742,725.765,701.0978,0.4457971
Cicadellidae,0.118927,227.75218,712.90344,689.97107,0.46894088
Cicadellidae,0.86209106,228.93008,713.75525,695.6146,0.41276976
Cicadellidae,0.0,228.33366,709.947,704.16364,0.4730473
Cicadellidae,0.39569092,225.62337,720.1491,702.0901,0.4625794
Cicadellidae,0.0,228.49507,722.787,712.9785,0.5401363
Cicadellidae,0.0,232.69083,730.5648,708.59094,0.57814103
Cicadellidae,0.06326294,235.35077,726.59436,714.88434,0.5936157
Cicadellidae,0.0,240.71692,722.9681,720.0,0.6333877
Cicadellidae,0.0,234.54236,723.1,720.0,0.6138891
Cicadellidae,0.0,234.35919,712.75366,720.0,0.5395377
Cicadellidae,0.0,233.48102,709.9237,720.0,0.538052
Cicadellidae,0.5057068,233.84564,716.6782,720.0,0.5372323
Cicadellidae,0.0,248.19147,725.6521,720.0,0.31643602
Cicadellidae,0.6663513,248.35263,724.3961,720.0,0.40128088
Cicadellidae,1.7145996,244.84967,724.62756,720.0,0.3484374
Cicadellidae,0.90701294,253.23035,733.8253,720.0,0.4001343
Cicadellidae,0.74368286,267.55795,728.7379,720.0,0.45237562
Cicadellidae,0.0,282.01813,731.08374,720.0,0.46530113
Cicadellidae,0.0,279.3249,724.1537,720.0,0.5613267
Cicadellidae,2.163269,288.4352,721.88556,720.0,0.37936282
Cicadellidae,2.9421692,288.2282,722.7394,720.0,0.42265254
Cicadellidae,0.0,285.88394,705.7605,720.0,0.33709466
Cicadellidae,0.0,287.7586,699.8076,720.0,0.39413446
Cicadellidae,2.8727417,283.25854,705.2756,718.1808,0.42321885
Cicadellidae,0.0,288.97943,717.85846,720.0,0.3942746
Cicadellidae,0.0,292.80188,721.34265,720.0,0.3333844
Cicadellidae,0.0,304.33105,723.5475,720.0,0.3137819
Cicadellidae,0.6782532,246.41956,757.52454,720.0,0.3132371
Cicadellidae,2.2121887,242.0669,747.3518,720.0,0.36283264
Cicadellidae,1.5276184,232.24341,744.7827,720.0,0.42405158
Cicadellidae,1.5645142,232.22021,747.0639,720.0,0.50217223
Cicadellidae,0.0,232.43555,741.4592,720.0,0.5076313
Cicadellidae,0.0,238.55121,720.162,720.0,0.6315446
Cicadellidae,0.3835144,232.1666,721.871,720.0,0.52845013
Cicadellidae,1.9550476,232.76968,715.8684,720.0,0.6932123
Cicadellidae,0.2326355,232.77258,714.5613,720.0,0.5344171
Cicadellidae,0.0,232.28973,706.61743,720.0,0.50433064
Cicadellidae,0.5923157,234.70322,703.12085,718.2329,0.5098081
Cicadellidae,0.0,233.82822,704.44525,720.0,0.54825085
Cicadellidae,0.0,237.13834,698.44104,720.0,0.5242164
Cicadellidae,0.68133545,234.39178,697.5928,717.97034,0.4178543
Cicadellidae,0.0,232.93771,683.84155,720.0,0.4730089
Cicadellidae,0.0,225.7726,683.6643,720.0,0.42877167
Cicadellidae,0.21716309,230.60686,673.6377,720.0,0.56668293
Cicadellidae,0.0,223.09271,670.8136,720.0,0.41071546
Cicadellidae,1.0697327,229.20926,674.5908,719.5764,0.4674713
Cicadellidae,0.2694702,233.54828,689.7111,720.0,0.39693743
Cicadellidae,2.5905457,236.02618,682.63464,719.51,0.3387767
Cicadellidae,2.458435,235.08679,692.6329,718.57043,0.3001219
Cicadellidae,0.0,239.40295,696.67737,717.56757,0.38178772
Cicadellidae,0.0,234.79987,704.6184,720.0,0.42728472
Cicadellidae,0.0,238.96933,701.05194,720.0,0.38669902
Cicadellidae,0.0,237.43042,696.90186,720.0,0.40395862
Cicadellidae,1.3230591,236.52185,699.3394,720.0,0.3396439
Cicadellidae,0.8529358,233.37796,707.77563,718.86816,0.31096768
Cicadellidae,0.32644653,237.68237,698.4403,719.64966,0.33602032
Cicadellidae,0.0,247.80786,693.4863,719.15344,0.3345612
Cicadellidae,0.0,247.00977,686.91064,720.0,0.3987561
Cicadellidae,0.0,253.63943,682.8158,720.0,0.51475513
Cicadellidae,0.0,265.535,678.2859,720.0,0.5088963
Cicadellidae,0.0,267.3468,679.13464,720.0,0.51283497
Cicadellidae,0.0,269.24475,679.1389,720.0,0.55378586
Cicadellidae,0.0,262.0561,678.942,720.0,0.5343616
Cicadellidae,0.5099182,265.58685,676.4579,720.0,0.5172676
Cicadellidae,0.0,270.4593,666.42725,720.0,0.5145945
Cicadellidae,0.0,266.74927,678.8214,720.0,0.4825968
Cicadellidae,0.0,264.0761,678.0788,720.0,0.58277845
Cicadellidae,0.0,258.28424,676.3096,720.0,0.5605903
Cicadellidae,0.0,263.819,683.30444,720.0,0.5548264
Cicadellidae,0.0,267.1361,685.23505,720.0,0.6136798
Cicadellidae,0.0,263.38202,688.81586,720.0,0.52617365
Cicadellidae,0.0,263.91547,681.4292,720.0,0.5737589
Cicadellidae,0.0,264.89276,674.72095,720.0,0.6506573
Cicadellidae,0.0,263.25394,676.9921,720.0,0.638249
Cicadellidae,1.5532837,263.64307,678.5315,720.0,0.60849196
Cicadellidae,1.800354,265.83398,681.2481,720.0,0.5736866
Cicadellidae,0.0,267.3061,674.5178,720.0,0.5815725
Cicadellidae,0.0,272.77246,674.9874,720.0,0.55590445
Cicadellidae,0.0,278.39517,667.2396,720.0,0.5058104
Cicadellidae,0.0,287.1732,666.89014,720.0,0.45367983
Cicadellidae,3.1159058,286.99878,667.5992,720.0,0.49799722
Cicadellidae,1.5058289,272.62573,674.69507,720.0,0.44977066
Cicadellidae,2.7695618,284.6311,669.7446,720.0,0.47124112
Cicadellidae,0.0,281.8263,663.5192,720.0,0.47455296
Cicadellidae,0.0,275.3326,671.0609,717.0786,0.53584206
Cicadellidae,0.0,268.89926,671.82025,720.0,0.57665783
Cicadellidae,0.0,267.9453,674.9274,720.0,0.625847
Cicadellidae,0.0,269.36957,673.27844,720.0,0.6448413
Cicadellidae,0.4446411,264.70032,674.29706,720.0,0.5432841
Cicadellidae,0.0,264.60962,675.4541,720.0,0.6163904
Cicadellidae,0.0,264.3808,676.5552,720.0,0.554376
Cicadellidae,0.0,259.58185,678.73676,720.0,0.59961194
Cicadellidae,0.0,260.8374,677.31006,720.0,0.629434
Cicadellidae,0.0,258.1459,679.2439,720.0,0.5775294
Cicadellidae,0.0,265.76172,678.47675,720.0,0.5808482
Cicadellidae,0.0,273.60696,674.5591,720.0,0.5320757
Cicadellidae,0.0,260.7821,676.57294,720.0,0.5163524
Cicadellidae,0.0,260.40048,674.131,720.0,0.53893673
Cicadellidae,0.0,271.20697,669.00885,720.0,0.5987631
Cicadellidae,0.0,270.4356,664.5122,720.0,0.5976904
Cicadellidae,0.0,264.73462,672.3697,720.0,0.610179
Cicadellidae,0.0,274.5213,653.48596,720.0,0.4988744
Cicadellidae,0.0,276.16922,658.90485,720.0,0.42211476
Cicadellidae,0.0,257.0351,656.19653,720.0,0.44047254
Cicadellidae,0.0,273.94366,650.6707,720.0,0.4991919
Cicadellidae,0.26385498,260.79645,657.79596,720.0,0.41367805
Cicadellidae,0.6701355,260.4225,658.22034,720.0,0.37457415
Cicadellidae,0.69595337,259.3354,659.06555,720.0,0.41627243
Cicadellidae,0.0,271.68506,651.5132,720.0,0.4342507
Cicadellidae,0.0,260.27255,656.4497,720.0,0.45197475
Cicadellidae,0.0,270.53445,649.2368,720.0,0.46467122
Cicadellidae,0.0,260.1311,652.1415,720.0,0.45175296
Cicadellidae,0.0,270.5443,656.9207,720.0,0.48608682
Cicadellidae,0.0,270.27246,660.43713,720.0,0.5078754
Cicadellidae,0.0,272.4599,654.1368,720.0,0.5203709
Cicadellidae,0.0,267.97827,655.63794,720.0,0.45804742
Cicadellidae,0.28070068,254.36563,659.41345,720.0,0.4711
Cicadellidae,0.0,271.25003,658.8163,720.0,0.5697084
Cicadellidae,0.0,270.24893,667.75397,720.0,0.5604808
Cicadellidae,0.0,271.30634,666.48157,720.0,0.5592779
Cicadellidae,0.0,275.286,668.27124,720.0,0.55581605
Cicadellidae,0.0,272.54807,661.0187,720.0,0.5690482
Cicadellidae,0.0,272.77368,666.4058,720.0,0.59980536
Cicadellidae,0.0,282.6208,672.92566,720.0,0.55959326
Cicadellidae,0.0,288.66153,655.6832,720.0,0.4594013
Cicadellidae,0.0,294.28955,654.18164,720.0,0.33298874
Cicadellidae,0.0,294.0423,654.36523,720.0,0.36612314
Cicadellidae,0.0,295.95673,643.54956,720.0,0.40471295
Cicadellidae,0.0,279.38028,646.03436,720.0,0.41455445
Cicadellidae,1.3067017,227.33043,614.1228,720.0,0.36921948
Salurnis-marginella-Guerr,243.78714,377.82397,429.21225,720.0,0.35660243
Salurnis-marginella-Guerr,243.78714,377.82397,429.21225,720.0,0.35660243
Aleurocanthus-spiniferus,274.514404296875,8.11566162109375,1257.668212890625,664.9675903320312,0.5971913933753967
Aleurocanthus-spiniferus,291.43365478515625,11.096527099609377,1259.865478515625,644.9381103515625,0.5966605544090271
Aleurocanthus-spiniferus,294.246337890625,14.525787353515623,1251.781005859375,642.635009765625,0.5899407863616943
Aleurocanthus-spiniferus,274.81201171875,10.87353515625,1244.395263671875,664.4884643554688,0.482120156288147
Aleurocanthus-spiniferus,286.9201965332031,12.58612060546875,1261.958740234375,648.6327514648438,0.558363139629364
Aleurocanthus-spiniferus,284.0826416015625,4.974578857421875,1246.88720703125,681.34423828125,0.5502215027809143
Aleurocanthus-spiniferus,267.6693115234375,8.4200439453125,1249.0487060546875,689.1629028320312,0.559074342250824
Aleurocanthus-spiniferus,285.3619079589844,8.375274658203125,1256.665283203125,665.062744140625,0.4697456657886505
Aleurocanthus-spiniferus,283.9825134277344,9.77752685546875,1254.0904541015625,675.0233154296875,0.515388548374176
Aleurocanthus-spiniferus,267.5502014160156,9.680908203125,1245.718505859375,689.3638305664062,0.4036573767662048
Aleurocanthus-spiniferus,258.6371765136719,10.21514892578125,1248.32275390625,680.3560791015625,0.4718307554721832
Aleurocanthus-spiniferus,264.4671936035156,11.034271240234377,1242.2293701171875,686.9168701171875,0.4232215285301208
Aleurocanthus-spiniferus,265.77392578125,10.306915283203123,1246.3455810546875,693.9849853515625,0.4694686233997345
Aleurocanthus-spiniferus,264.700439453125,6.671173095703125,1243.2293701171875,694.0474853515625,0.3858111798763275
Aleurocanthus-spiniferus,252.99493408203125,7.81036376953125,1249.67724609375,691.6887817382812,0.4030386507511139
Aleurocanthus-spiniferus,255.85031127929688,9.232208251953123,1251.849853515625,689.5504150390625,0.3997083604335785
Aleurocanthus-spiniferus,287.87945556640625,10.3037109375,1259.46435546875,675.7531127929688,0.4922268688678741
Aleurocanthus-spiniferus,262.67340087890625,7.94818115234375,1251.592041015625,691.3228149414062,0.406237781047821
Aleurocanthus-spiniferus,299.0804748535156,9.674346923828123,1264.4251708984375,675.9554443359375,0.3374630212783813
Aleurocanthus-spiniferus,262.76373291015625,8.76959228515625,1252.31591796875,692.4491577148438,0.3933964371681213
Aleurocanthus-spiniferus,288.1064758300781,9.72589111328125,1261.670166015625,677.3060913085938,0.5053344368934631
Aleurocanthus-spiniferus,269.6017150878906,8.594696044921875,1247.7935791015625,688.584228515625,0.4303307831287384
Aleurocanthus-spiniferus,267.5818786621094,9.5936279296875,1249.7347412109375,686.7671508789062,0.4875945746898651
Aleurocanthus-spiniferus,286.5059814453125,11.044219970703123,1261.13427734375,665.937744140625,0.5143495798110962
Aleurocanthus-spiniferus,290.4895935058594,11.88592529296875,1264.1922607421875,673.1735229492188,0.4588278532028198
Aleurocanthus-spiniferus,291.3154602050781,12.445465087890623,1262.956787109375,675.759765625,0.3877131938934326
Aleurocanthus-spiniferus,284.4449462890625,11.10748291015625,1263.8453369140625,671.7345581054688,0.4226331710815429
Aleurocanthus-spiniferus,265.91949462890625,12.465850830078123,1241.607177734375,683.0001220703125,0.4729516506195068
Aleurocanthus-spiniferus,258.1081237792969,10.05218505859375,1252.437255859375,694.83935546875,0.3295809924602508
Aleurocanthus-spiniferus,262.80322265625,9.881561279296877,1246.4671630859375,684.14306640625,0.3400755226612091
Aleurocanthus-spiniferus,265.111083984375,8.58734130859375,1246.7027587890625,698.611328125,0.4063748717308044
Aleurocanthus-spiniferus,273.576904296875,9.425140380859377,1263.83642578125,682.9061279296875,0.5313225984573364
Aleurocanthus-spiniferus,280.15985107421875,9.22216796875,1261.343017578125,676.8734741210938,0.4631894528865814
Aleurocanthus-spiniferus,265.3125,8.492919921875,1250.732177734375,689.4203491210938,0.4935449659824371
Aleurocanthus-spiniferus,268.6146850585937,5.6043701171875,1253.037841796875,694.5848388671875,0.4733027517795563
Aleurocanthus-spiniferus,280.19647216796875,6.466094970703125,1261.765380859375,675.722412109375,0.5813270211219788
Aleurocanthus-spiniferus,278.4123840332031,10.71728515625,1257.556640625,661.649658203125,0.5341384410858154
Aleurocanthus-spiniferus,280.4541320800781,7.421478271484375,1259.708251953125,680.0673828125,0.6297575831413269
Aleurocanthus-spiniferus,285.654052734375,8.83184814453125,1265.040771484375,670.3958129882812,0.4989434778690338
Aleurocanthus-spiniferus,366.4878234863281,18.578155517578125,1143.7843017578125,485.2245178222656,0.3692732453346252
Aleurocanthus-spiniferus,364.5945739746094,16.853118896484375,1149.4537353515625,519.6961669921875,0.3333546817302704
Aleurocanthus-spiniferus,358.3710021972656,19.72398376464844,1154.6683349609375,515.2535400390625,0.4456833302974701
Aleurocanthus-spiniferus,349.19610595703125,17.580001831054688,1167.40478515625,527.9710693359375,0.4389545619487762
Aleurocanthus-spiniferus,348.6452941894531,16.425567626953125,1168.469482421875,542.2708740234375,0.4221175909042358
Aleurocanthus-spiniferus,343.740478515625,16.328826904296875,1171.2259521484375,530.9539794921875,0.5226261019706726
Aleurocanthus-spiniferus,339.0306396484375,13.984649658203123,1174.5079345703125,539.2872314453125,0.4621563553810119
Aleurocanthus-spiniferus,330.9257202148437,8.671783447265625,1172.863037109375,548.4752197265625,0.4841870367527008
Aleurocanthus-spiniferus,316.3482971191406,5.958221435546875,1192.381591796875,562.11474609375,0.4476200938224792
Aleurocanthus-spiniferus,310.8656311035156,2.49859619140625,1205.42822265625,626.9017333984375,0.449826031923294
Aleurocanthus-spiniferus,310.6915588378906,8.2945556640625,1251.0435791015625,607.86572265625,0.4530918300151825
Aleurocanthus-spiniferus,309.9040222167969,10.3507080078125,1248.232666015625,614.0133666992188,0.5037485361099243
Aleurocanthus-spiniferus,307.167236328125,6.749298095703125,1251.4423828125,611.1492919921875,0.4601894319057464
Aleurocanthus-spiniferus,307.8670654296875,5.966064453125,1207.5452880859375,572.7427978515625,0.4704980850219726
Aleurocanthus-spiniferus,303.2218933105469,3.1480712890625,1251.416748046875,626.1104125976562,0.4660561382770538
Aleurocanthus-spiniferus,309.3340148925781,8.3433837890625,1259.786376953125,615.586669921875,0.4704059362411499
Aleurocanthus-spiniferus,301.9547119140625,6.09454345703125,1257.00927734375,617.7296752929688,0.4642461538314819
Aleurocanthus-spiniferus,303.157470703125,2.824066162109375,1259.0623779296875,632.8179931640625,0.4668743014335632
Aleurocanthus-spiniferus,296.6385192871094,7.09100341796875,1266.34375,614.1965942382812,0.3428767919540405
Aleurocanthus-spiniferus,318.8310546875,9.07244873046875,1190.5283203125,560.763427734375,0.40829798579216
Aleurocanthus-spiniferus,311.6346435546875,7.179229736328125,1258.5382080078125,612.1529541015625,0.3187649250030517
Aleurocanthus-spiniferus,317.2050170898437,8.05859375,1252.706298828125,612.9940795898438,0.3856623470783233
Aleurocanthus-spiniferus,323.4800109863281,8.06866455078125,1242.5155029296875,552.8477172851562,0.4183891713619232
Aleurocanthus-spiniferus,325.4510803222656,12.423004150390623,1194.9993896484375,557.8699951171875,0.3748623430728912
Aleurocanthus-spiniferus,307.5050048828125,2.410552978515625,1255.2911376953125,628.557861328125,0.3894310295581817
Aleurocanthus-spiniferus,311.70703125,6.416839599609375,1255.7374267578125,616.0567626953125,0.3680365681648254
Aleurocanthus-spiniferus,311.48199462890625,10.000640869140623,1254.710693359375,617.2841796875,0.3719059526920318
Aleurocanthus-spiniferus,304.1664123535156,11.081451416015623,1256.514404296875,614.705322265625,0.4596711099147796
Aleurocanthus-spiniferus,320.1346740722656,8.989227294921875,1255.427978515625,605.4598388671875,0.3909981250762939
Aleurocanthus-spiniferus,319.8448181152344,8.282135009765625,1256.3546142578125,625.4268798828125,0.3616267442703247
Aleurocanthus-spiniferus,318.6438903808594,9.449615478515623,1258.497802734375,631.1865234375,0.3134385049343109
Aleurocanthus-spiniferus,326.6957397460937,10.69061279296875,1253.96337890625,633.870361328125,0.4009850025177002
Aleurocanthus-spiniferus,329.7608337402344,10.472381591796877,1251.304931640625,625.2764892578125,0.3422305583953857
Aleurocanthus-spiniferus,326.7853088378906,10.482879638671877,1250.9017333984375,635.380859375,0.4940995573997497
Aleurocanthus-spiniferus,329.7648620605469,6.64788818359375,1253.6136474609375,641.6002197265625,0.5394424796104431
Aleurocanthus-spiniferus,326.8094177246094,9.888916015625,1253.03173828125,638.9366455078125,0.3965074419975281
Aleurocanthus-spiniferus,321.37371826171875,11.784332275390623,1253.58251953125,645.321533203125,0.3759920597076416
Aleurocanthus-spiniferus,323.3563232421875,9.1063232421875,1249.680908203125,642.9119873046875,0.4010097086429596
Aleurocanthus-spiniferus,324.9607849121094,5.800689697265625,1242.0028076171875,648.6480712890625,0.3371673226356506
Aleurocanthus-spiniferus,315.88482666015625,8.504486083984375,1252.103759765625,649.9222412109375,0.4226769506931305
Aleurocanthus-spiniferus,318.9959716796875,9.909515380859377,1249.5010986328125,650.7012939453125,0.3879784941673279
Aleurocanthus-spiniferus,278.91119384765625,1.1182861328125,1244.71484375,655.1264038085938,0.3873510658740997
Aleurocanthus-spiniferus,309.10821533203125,8.5958251953125,1251.677734375,654.0388793945312,0.4542491734027862
Aleurocanthus-spiniferus,311.3791809082031,6.65618896484375,1249.644287109375,651.338623046875,0.384628564119339
Aleurocanthus-spiniferus,313.82476806640625,8.2020263671875,1249.787841796875,646.179443359375,0.4279900193214416
Aleurocanthus-spiniferus,319.30889892578125,7.191375732421875,1249.8291015625,653.9002685546875,0.4227908253669739
Aleurocanthus-spiniferus,323.1749572753906,7.85540771484375,1246.391357421875,649.1301879882812,0.3122509121894836
Aleurocanthus-spiniferus,313.17608642578125,7.0904541015625,1251.828125,649.80322265625,0.4368291199207306
Aleurocanthus-spiniferus,306.8700256347656,4.667877197265625,1250.1168212890625,655.1295166015625,0.3598379492759704
Aleurocanthus-spiniferus,326.3502197265625,8.9591064453125,1244.5311279296875,648.5101928710938,0.4086028933525085
Aleurocanthus-spiniferus,309.3850402832031,4.988861083984375,1260.672119140625,683.6636962890625,0.4186400771141052
Aleurocanthus-spiniferus,303.2007141113281,6.310150146484375,1269.5284423828125,708.1292724609375,0.5044562220573425
Aleurocanthus-spiniferus,310.58905029296875,14.221954345703123,1263.743896484375,718.874755859375,0.4757126569747925
Aleurocanthus-spiniferus,309.2210693359375,13.69012451171875,1257.9549560546875,720.0,0.5220063328742981
Aleurocanthus-spiniferus,291.3776550292969,20.82110595703125,1260.8525390625,720.0,0.3980885148048401
Aleurocanthus-spiniferus,319.81072998046875,28.07919311523437,1258.807861328125,720.0,0.5217953324317932
Aleurocanthus-spiniferus,312.3573608398437,25.1236572265625,1264.0927734375,720.0,0.5086295008659363
Aleurocanthus-spiniferus,321.2622985839844,32.0274658203125,1268.0047607421875,720.0,0.3508521616458893
Aleurocanthus-spiniferus,320.9227600097656,39.44137573242188,1266.661865234375,720.0,0.3660853803157806
Aleurocanthus-spiniferus,316.65625,39.226165771484375,1271.4307861328125,720.0,0.3541280031204223
Aleurocanthus-spiniferus,314.3099670410156,37.1361083984375,1269.4715576171875,720.0,0.3084747791290283
Aleurocanthus-spiniferus,315.62286376953125,37.8319091796875,1267.834228515625,720.0,0.4088197350502014
Aleurocanthus-spiniferus,322.9866638183594,34.616546630859375,1269.040283203125,664.4749755859375,0.371113121509552
Aleurocanthus-spiniferus,323.56396484375,39.53472900390625,1269.503662109375,720.0,0.3403297066688537
Aleurocanthus-spiniferus,314.8646240234375,39.269561767578125,1276.8375244140625,719.96533203125,0.3146572113037109
Aleurocanthus-spiniferus,314.2637023925781,41.0419921875,1272.614501953125,720.0,0.3125036954879761
Aleurocanthus-spiniferus,319.4346618652344,32.880340576171875,1280.0,670.0357666015625,0.3241141736507416
Aleurocanthus-spiniferus,323.7886657714844,38.31353759765625,1270.74365234375,720.0,0.4672954678535461
Aleurocanthus-spiniferus,332.77178955078125,38.223968505859375,1268.971435546875,720.0,0.4115959107875824
Aleurocanthus-spiniferus,340.4992370605469,32.793487548828125,1271.9796142578125,720.0,0.4003477692604065
Aleurocanthus-spiniferus,334.0488586425781,35.22564697265625,1270.63671875,720.0,0.4095185697078705
Aleurocanthus-spiniferus,322.8684997558594,20.97592163085937,1280.0,703.144287109375,0.4037484526634216
Aleurocanthus-spiniferus,320.9057312011719,24.069549560546875,1280.0,683.8553466796875,0.3625946044921875
Aleurocanthus-spiniferus,351.7392272949219,29.061920166015625,1268.0504150390625,711.6187744140625,0.3625854551792145
Aleurocanthus-spiniferus,340.0653991699219,17.1558837890625,1274.5572509765625,688.5380249023438,0.40153369307518
Aleurocanthus-spiniferus,346.53106689453125,28.22174072265625,1277.33984375,691.5718383789062,0.3819713294506073
Aleurocanthus-spiniferus,356.9165954589844,29.634307861328125,1268.2325439453125,675.6263427734375,0.3849012851715088
Aleurocanthus-spiniferus,367.4465637207031,31.108306884765625,1270.091796875,673.57958984375,0.4484567940235138
Aleurocanthus-spiniferus,356.5137634277344,28.81039428710937,1270.6455078125,677.7056884765625,0.4418169856071472
Aleurocanthus-spiniferus,361.5081787109375,25.46044921875,1266.4078369140625,678.5428466796875,0.539287269115448
Aleurocanthus-spiniferus,348.33013916015625,25.03765869140625,1270.9208984375,675.6875,0.4751596748828888
Aleurocanthus-spiniferus,345.500244140625,25.914337158203125,1268.841064453125,668.046875,0.4695733785629272
Aleurocanthus-spiniferus,361.8116760253906,28.3173828125,1267.1619873046875,665.0698852539062,0.4922055006027221
Aleurocanthus-spiniferus,340.7977294921875,26.82098388671875,1267.8778076171875,660.9944458007812,0.5907378196716309
Aleurocanthus-spiniferus,352.0226135253906,24.84701538085937,1265.971923828125,657.83203125,0.4492711424827575
Aleurocanthus-spiniferus,342.6333923339844,25.636962890625,1269.1153564453125,656.81591796875,0.4406368434429168
Aleurocanthus-spiniferus,347.3575134277344,24.837646484375,1266.4239501953125,654.747802734375,0.5066549777984619
Aleurocanthus-spiniferus,358.1897277832031,25.719512939453125,1267.2667236328125,659.0003662109375,0.5024771690368652
Aleurocanthus-spiniferus,340.6972961425781,25.661529541015625,1268.714599609375,654.26025390625,0.4597002863883972
Aleurocanthus-spiniferus,349.07440185546875,26.039764404296875,1266.60107421875,658.0875244140625,0.4479507505893707
Aleurocanthus-spiniferus,340.6968078613281,25.03695678710937,1268.13232421875,663.89599609375,0.4569594264030456
Aleurocanthus-spiniferus,350.2748718261719,25.776885986328125,1263.088623046875,658.9716796875,0.452709287405014
Aleurocanthus-spiniferus,339.064208984375,27.88671875,1268.786865234375,654.504150390625,0.516923725605011
Aleurocanthus-spiniferus,348.22186279296875,28.48150634765625,1262.76171875,655.0514526367188,0.3640367984771728
Aleurocanthus-spiniferus,344.9424743652344,24.840606689453125,1268.8043212890625,660.6661376953125,0.4262602925300598
Aleurocanthus-spiniferus,340.6257629394531,21.7169189453125,1270.738525390625,665.3392944335938,0.5128433108329773
Aleurocanthus-spiniferus,345.9965515136719,30.404083251953125,1269.25732421875,658.4034423828125,0.4528788626194
Aleurocanthus-spiniferus,350.24786376953125,29.299285888671875,1268.567138671875,661.0950927734375,0.4985092580318451
Aleurocanthus-spiniferus,348.6255187988281,27.238983154296875,1268.71826171875,662.1043701171875,0.4812617003917694
Aleurocanthus-spiniferus,346.9613037109375,23.83270263671875,1271.5955810546875,660.7579956054688,0.4192163348197937
Aleurocanthus-spiniferus,340.3632507324219,28.087677001953125,1268.9588623046875,664.81494140625,0.4659344851970672
Aleurocanthus-spiniferus,355.3114624023437,31.611297607421875,1264.474853515625,653.27392578125,0.5195236802101135
Aleurocanthus-spiniferus,342.1122741699219,28.87567138671875,1269.793212890625,664.9996948242188,0.5349505543708801
Aleurocanthus-spiniferus,349.78399658203125,25.548095703125,1269.669677734375,657.2499389648438,0.5737419128417969
Aleurocanthus-spiniferus,350.35028076171875,26.902740478515625,1269.84326171875,646.0301513671875,0.4447576105594635
Aleurocanthus-spiniferus,345.16424560546875,23.02935791015625,1271.25390625,653.0365600585938,0.5716663599014282
Aleurocanthus-spiniferus,346.3730163574219,24.459869384765625,1276.27099609375,647.05859375,0.4395551681518554
Aleurocanthus-spiniferus,336.3226928710937,24.862579345703125,1276.96435546875,621.5235595703125,0.3402992188930511
Aleurocanthus-spiniferus,333.4465026855469,27.58016967773437,1272.4053955078125,618.46728515625,0.5231338143348694
Aleurocanthus-spiniferus,332.3505249023437,24.528350830078125,1265.58447265625,628.5030517578125,0.5586904287338257
Aleurocanthus-spiniferus,329.62841796875,22.3958740234375,1266.97119140625,610.0516357421875,0.5152166485786438
Aleurocanthus-spiniferus,313.5059814453125,20.1722412109375,1270.35546875,612.802978515625,0.611656665802002
Aleurocanthus-spiniferus,324.5743408203125,23.837615966796875,1258.57373046875,590.9373779296875,0.6244209408760071
Aleurocanthus-spiniferus,322.5323791503906,20.232879638671875,1254.2884521484375,611.6103515625,0.5584633946418762
Aleurocanthus-spiniferus,330.6879272460937,20.22503662109375,1247.133056640625,606.8588256835938,0.6444507837295532
Aleurocanthus-spiniferus,320.6635437011719,21.86898803710937,1256.853759765625,616.3914794921875,0.4867311120033264
Aleurocanthus-spiniferus,333.2620544433594,17.8157958984375,1250.711181640625,623.2191772460938,0.4414862394332886
Aleurocanthus-spiniferus,336.03729248046875,17.009246826171875,1254.667724609375,640.51318359375,0.3736800849437713
wheat blossom midge,4.39263916015625,12.8692626953125,777.4371948242188,685.7664794921875,0.3020039796829223
wheat blossom midge,5.905181884765625,28.39697265625,662.7342529296875,720.0,0.5092036724090576
Tetradacus-c-Bactrocera-minax,262.2535400390625,254.814208984375,865.7410888671875,682.0048828125,0.3244714736938476
Cicadellidae,39.071197509765625,166.3113250732422,783.2156982421875,609.2691650390625,0.3857990503311157
Cicadellidae,8.085693359375,103.75958251953124,758.1902465820312,552.5764770507812,0.3655545711517334
Cicadellidae,3.3074951171875,92.06423950195312,752.357177734375,552.7576904296875,0.3428796827793121
Cicadellidae,184.295654296875,192.8264923095703,845.19384765625,634.2186889648438,0.376548022031784
Cicadellidae,188.99560546875,194.04269409179688,848.7962646484375,624.0284423828125,0.3439618647098541
Cicadellidae,189.51882934570312,196.8820343017578,845.416259765625,628.2625732421875,0.3649052679538727
Cicadellidae,187.74319458007807,199.7209625244141,849.150634765625,627.582275390625,0.3203978538513183
Cicadellidae,175.92263793945312,226.8919982910156,864.324951171875,690.6600341796875,0.3324119448661804
Cicadellidae,115.48764038085938,205.11248779296875,862.7728271484375,690.08935546875,0.3295160233974457
Cicadellidae,97.93728637695312,165.7937469482422,869.2860107421875,671.8974609375,0.3728068470954895
Cicadellidae,115.26031494140624,147.32330322265625,852.4238891601562,622.6607055664062,0.3360597789287567
Cicadellidae,108.39605712890624,123.28538513183594,849.0352172851562,609.2059326171875,0.3132591843605041
Cicadellidae,117.1982421875,115.71539306640624,831.08251953125,585.4721069335938,0.3175680339336395
Cicadellidae,109.43203735351562,79.27229309082031,815.35205078125,538.2468872070312,0.3081685304641723
Cicadellidae,103.43194580078124,82.19302368164062,805.1506958007812,555.4483642578125,0.3361118733882904
Cicadellidae,64.13766479492188,133.24874877929688,815.754638671875,648.5687255859375,0.367142915725708
Cicadellidae,57.29351806640625,160.2226104736328,807.0734252929688,655.598388671875,0.4500042200088501
Cicadellidae,51.91763305664063,162.59144592285156,797.6182861328125,644.4776611328125,0.3511643707752228
Cicadellidae,18.14715576171875,170.91647338867188,766.70703125,644.985595703125,0.3636078834533691
Cicadellidae,0.0,167.24598693847656,760.4025268554688,649.8541259765625,0.4595372080802917
Cicadellidae,7.132049560546875,170.2369842529297,745.24658203125,654.3684692382812,0.4033016562461853
Cicadellidae,6.698089599609375,168.6354217529297,756.139404296875,637.1661376953125,0.3770969212055206
Cicadellidae,17.73284912109375,176.92080688476562,769.14013671875,633.2681884765625,0.3484179079532623
Cicadellidae,0.0,173.5821075439453,688.722900390625,651.2600708007812,0.4908918142318725
Cicadellidae,0.0,177.29483032226562,693.3475341796875,646.27734375,0.3683211505413055
Cicadellidae,0.0,171.52037048339844,691.6695556640625,650.13818359375,0.3149045705795288
Cicadellidae,0.0,175.8350067138672,702.6057739257812,644.7528076171875,0.3314920961856842
Cicadellidae,20.420440673828125,171.61407470703125,752.2254638671875,627.9703979492188,0.314426988363266
Cicadellidae,20.74349975585937,167.38735961914062,753.3802490234375,642.551025390625,0.4653051197528839
Cicadellidae,20.82745361328125,167.71685791015625,756.920166015625,637.0376586914062,0.4421984553337097
Cicadellidae,19.334930419921875,165.7709197998047,757.9276123046875,640.61083984375,0.4711469113826751
Cicadellidae,20.766845703125,166.0231170654297,757.2142333984375,631.9154663085938,0.4654907584190368
Cicadellidae,19.86215209960937,166.438720703125,757.0565185546875,640.044189453125,0.4284731745719909
Cicadellidae,27.766021728515625,173.61354064941406,748.2779541015625,638.8427734375,0.3701254427433014
Cicadellidae,14.270111083984377,168.74566650390625,754.97802734375,642.5828247070312,0.420814573764801
Cicadellidae,14.220703125,161.05117797851562,758.1038818359375,642.6964111328125,0.4735755920410156
Cicadellidae,24.726287841796875,158.90467834472656,764.142822265625,641.5128173828125,0.4001738429069519
Cicadellidae,25.652496337890625,159.84640502929688,764.0892333984375,630.4595947265625,0.4370065629482269
Cicadellidae,36.5347900390625,167.38682556152344,753.211181640625,623.610595703125,0.4846438467502594
Cicadellidae,36.683990478515625,171.7507781982422,753.3446044921875,622.5477905273438,0.3854972124099731
Cicadellidae,38.490631103515625,168.3989715576172,752.6014404296875,626.5560913085938,0.4272914826869964
Cicadellidae,26.90634155273437,161.66387939453125,766.8702392578125,635.294189453125,0.3748303353786468
Cicadellidae,33.622955322265625,168.69119262695312,759.853271484375,629.23193359375,0.41985023021698
Cicadellidae,30.4683837890625,158.31451416015625,768.7559204101562,642.5531616210938,0.4213542342185974
Cicadellidae,33.80169677734375,172.21475219726562,751.8811645507812,635.407470703125,0.3571214079856872
Cicadellidae,26.613525390625,169.21803283691406,763.8245849609375,637.4456787109375,0.4143653512001037
Cicadellidae,31.31683349609375,176.85659790039062,761.2335815429688,633.0919189453125,0.4238682985305786
Cicadellidae,33.04217529296875,177.66604614257812,761.2355346679688,631.541748046875,0.4512866139411926
Cicadellidae,27.913818359375,177.11109924316406,765.115234375,636.5546264648438,0.3430491089820862
Cicadellidae,33.127471923828125,173.03431701660156,763.536376953125,630.3441162109375,0.3520128428936004
Cicadellidae,36.06930541992188,173.6708526611328,766.6829833984375,620.6792602539062,0.3302511274814605
Cicadellidae,44.64450073242188,169.24594116210938,772.7003173828125,633.268310546875,0.4111751914024353
Cicadellidae,41.51168823242188,165.58370971679688,788.9259033203125,639.82080078125,0.3101487159729004
Cicadellidae,28.05377197265625,168.9965057373047,760.3261108398438,638.6549682617188,0.3204771280288696
Cicadellidae,28.228179931640625,166.4320068359375,752.984130859375,626.8262329101562,0.3104324340820312
Cicadellidae,28.53451538085937,170.66650390625,745.2825927734375,628.1638793945312,0.3886026740074157
Cicadellidae,28.516754150390625,164.84971618652344,753.81201171875,619.9324951171875,0.383398562669754
Cicadellidae,30.48748779296875,164.5050048828125,742.9384155273438,617.6966552734375,0.4101778566837311
Cicadellidae,28.100372314453125,165.7188262939453,748.2525634765625,623.8564453125,0.4538059532642364
Cicadellidae,29.8453369140625,165.58091735839844,745.8369750976562,631.6318359375,0.4609073400497436
Cicadellidae,29.222625732421875,168.30715942382812,748.52685546875,627.6456298828125,0.4655809104442596
Cicadellidae,34.491363525390625,163.3388671875,744.300048828125,614.361572265625,0.4243182837963104
Cicadellidae,34.397125244140625,163.8177032470703,743.5185546875,617.9484252929688,0.4387880861759186
Cicadellidae,33.79864501953125,164.28286743164062,745.2487182617188,629.0382080078125,0.4271295368671417
Cicadellidae,25.364013671875,163.60740661621094,759.2841186523438,631.0436401367188,0.469193547964096
Cicadellidae,17.511993408203125,164.51168823242188,756.7431640625,637.805908203125,0.4562824964523315
Cicadellidae,16.040924072265625,162.40528869628906,757.4698486328125,634.218017578125,0.5219736695289612
Cicadellidae,31.11383056640625,167.93252563476562,744.55224609375,631.6141357421875,0.4420008659362793
Cicadellidae,17.4383544921875,163.8566436767578,755.0921630859375,630.9675903320312,0.4709698557853699
Cicadellidae,31.632080078125,165.49179077148438,742.6424560546875,629.6136474609375,0.4737605452537536
Cicadellidae,19.60418701171875,162.2481231689453,758.8837280273438,628.4381103515625,0.4808799624443054
Cicadellidae,20.03671264648437,162.76377868652344,759.8531494140625,627.16357421875,0.404411107301712
Cicadellidae,22.700897216796875,165.17320251464844,757.2161865234375,621.9742431640625,0.449102520942688
Cicadellidae,22.700897216796875,165.17320251464844,757.2161865234375,621.9742431640625,0.449102520942688
Cicadellidae,20.054840087890625,164.87132263183594,757.2889404296875,627.3021850585938,0.4669361412525177
Cicadellidae,16.771148681640625,162.9397735595703,755.6641845703125,635.5512084960938,0.4664924144744873
Cicadellidae,16.17425537109375,164.6636505126953,754.3914794921875,639.1947631835938,0.528168797492981
Cicadellidae,27.77865600585937,171.4278106689453,741.528564453125,637.57568359375,0.479724109172821
Cicadellidae,10.963836669921877,167.64346313476562,754.7567138671875,643.5888671875,0.4913634359836578
Cicadellidae,11.354736328125,167.4330596923828,757.4696044921875,638.7338256835938,0.5170233249664307
Cicadellidae,16.4732666015625,167.59701538085938,754.8499145507812,638.4324951171875,0.5103352069854736
Cicadellidae,15.77655029296875,166.7069549560547,751.6882934570312,646.078125,0.4868013262748718
Cicadellidae,12.708404541015623,171.67013549804688,748.2529296875,647.56005859375,0.4976856708526611
Cicadellidae,11.215087890625,171.5116424560547,750.403076171875,643.0394897460938,0.6029945015907288
Cicadellidae,12.0902099609375,172.20184326171875,753.8563842773438,645.2620239257812,0.52326500415802
Cicadellidae,16.637603759765625,170.7157745361328,751.4742431640625,647.4711303710938,0.487637311220169
Cicadellidae,15.330169677734377,172.45309448242188,751.92626953125,643.2398681640625,0.409385085105896
Cicadellidae,22.1199951171875,173.867431640625,749.4323120117188,637.3021850585938,0.4525622427463531
Cicadellidae,20.9083251953125,172.46788024902344,748.2959594726562,640.6572875976562,0.4727343916893005
Cicadellidae,18.49560546875,172.12338256835938,749.3688354492188,638.5643310546875,0.5223907232284546
Cicadellidae,12.158966064453123,172.98187255859375,750.85546875,646.6340942382812,0.4643336534500122
Cicadellidae,14.63177490234375,172.3515625,748.1243896484375,656.2512817382812,0.4854086935520172
Cicadellidae,14.63177490234375,172.3515625,748.1243896484375,656.2512817382812,0.4854086935520172
Cicadellidae,13.327362060546877,170.13734436035156,754.7783203125,645.2452392578125,0.4617843627929687
Cicadellidae,14.843780517578123,167.5526123046875,752.5408935546875,644.8112182617188,0.4490725398063659
Cicadellidae,15.02838134765625,168.25567626953125,756.5903930664062,644.2013549804688,0.4289517700672149
Cicadellidae,17.559326171875,168.92092895507812,757.2152709960938,639.0406494140625,0.4504810273647308
Cicadellidae,28.76791381835937,171.8672637939453,744.37841796875,631.6533813476562,0.3879928290843963
Cicadellidae,11.31890869140625,166.4190673828125,754.1478271484375,642.6390380859375,0.5065876841545105
Cicadellidae,25.4271240234375,173.96900939941406,745.8469848632812,644.9583129882812,0.4707427620887756
Cicadellidae,14.71527099609375,171.05809020996094,746.4838256835938,652.0874633789062,0.4402278065681457
Cicadellidae,30.14599609375,174.184814453125,743.5435791015625,640.0604858398438,0.4532623291015625
Cicadellidae,20.919219970703125,171.9698486328125,748.8992919921875,639.5156860351562,0.4282928109169006
Cicadellidae,16.428741455078125,169.635009765625,752.2679443359375,633.4813232421875,0.5096210837364197
Cicadellidae,29.321044921875,168.08740234375,741.4469604492188,632.1575927734375,0.527554452419281
Cicadellidae,27.547760009765625,170.88778686523438,743.1318359375,631.7672119140625,0.4546186327934265
Cicadellidae,18.14910888671875,166.55654907226562,754.8656005859375,631.8624267578125,0.4988840520381927
Cicadellidae,21.070770263671875,165.61134338378906,758.253173828125,635.9971313476562,0.4543037116527557
Cicadellidae,29.986602783203125,170.15869140625,740.382080078125,632.662353515625,0.4921534657478332
Cicadellidae,18.7105712890625,166.59027099609375,754.9210815429688,632.79052734375,0.4921540319919586
Cicadellidae,18.7105712890625,166.59027099609375,754.9210815429688,632.79052734375,0.4921540319919586
Cicadellidae,31.060089111328125,171.447509765625,740.959716796875,628.5001831054688,0.4818130731582641
Cicadellidae,32.347259521484375,168.5212860107422,738.1954345703125,631.2374267578125,0.466142326593399
Cicadellidae,32.50958251953125,168.01187133789062,742.1741943359375,625.4600830078125,0.411617636680603
Cicadellidae,29.84945678710937,168.3861541748047,744.2196044921875,626.2262573242188,0.4083684682846069
Cicadellidae,30.562469482421875,169.15072631835938,743.3912353515625,627.9036865234375,0.4349464774131775
Cicadellidae,27.772125244140625,167.69993591308594,744.64892578125,625.9430541992188,0.475792795419693
Cicadellidae,26.4708251953125,171.0869140625,743.22998046875,628.7140502929688,0.4525477290153503
Cicadellidae,17.72283935546875,166.35826110839844,752.6266479492188,631.2156982421875,0.5697795152664185
Cicadellidae,27.385009765625,170.46133422851562,749.640869140625,629.30908203125,0.4791970252990722
Cicadellidae,26.632598876953125,170.9591522216797,744.99609375,633.6209106445312,0.5083020329475403
Cicadellidae,14.843780517578123,168.89956665039062,756.683349609375,630.554931640625,0.4870414435863495
Cicadellidae,18.76010131835937,165.17373657226562,755.1851806640625,634.59716796875,0.5218013525009155
Cicadellidae,18.528228759765625,165.30702209472656,753.582275390625,633.475830078125,0.5123025178909302
Cicadellidae,15.522979736328123,162.80035400390625,759.6810302734375,637.0978393554688,0.5361589193344116
Cicadellidae,28.08578491210937,166.22866821289062,753.626953125,629.4576416015625,0.4291748702526092
Cicadellidae,21.044342041015625,162.72422790527344,756.526611328125,622.4561767578125,0.4705137610435486
Cicadellidae,31.49591064453125,166.06808471679688,744.464111328125,622.53271484375,0.5052399635314941
Cicadellidae,33.517822265625,162.69735717773438,743.8536987304688,617.2618408203125,0.5201224088668823
Cicadellidae,33.517822265625,162.69735717773438,743.8536987304688,617.2618408203125,0.5201224088668823
Cicadellidae,32.4208984375,163.15455627441406,746.9840698242188,624.3184814453125,0.4809030294418335
Cicadellidae,34.814117431640625,162.7178955078125,752.3988037109375,616.9581298828125,0.4864475131034851
Cicadellidae,30.50897216796875,164.83773803710938,743.841552734375,628.0213623046875,0.5614860653877258
Cicadellidae,28.35888671875,168.5901641845703,748.6972045898438,617.6421508789062,0.5089985728263855
Cicadellidae,30.984039306640625,167.55247497558594,744.1959228515625,626.3222045898438,0.5081896781921387
Cicadellidae,30.43487548828125,169.4256134033203,744.4298095703125,627.7955932617188,0.523671567440033
Cicadellidae,28.2808837890625,168.93328857421875,750.8590698242188,634.5402221679688,0.4591897428035736
Cicadellidae,28.2808837890625,168.93328857421875,750.8590698242188,634.5402221679688,0.4591897428035736
Cicadellidae,23.75079345703125,168.05052185058594,748.4894409179688,631.8692626953125,0.4465268850326538
Cicadellidae,14.069976806640623,163.74826049804688,761.2784423828125,633.830078125,0.5222377777099609
Cicadellidae,16.238525390625,163.45050048828125,756.4285278320312,633.8795166015625,0.4660530388355255
Cicadellidae,21.24041748046875,164.8362579345703,758.8584594726562,621.7071533203125,0.4969005882740021
Cicadellidae,23.4210205078125,163.0489959716797,758.5134887695312,612.7636108398438,0.4414748251438141
Cicadellidae,33.1875,162.16830444335938,748.8390502929688,621.514404296875,0.3617625534534454
Cicadellidae,31.85614013671875,163.3419952392578,749.4730224609375,624.4015502929688,0.3184849917888641
Cicadellidae,32.2125244140625,163.11483764648438,740.3543701171875,622.68798828125,0.4031447172164917
Cicadellidae,33.176910400390625,162.5354461669922,752.7435302734375,619.3858642578125,0.3851646780967712
Cicadellidae,33.176910400390625,162.5354461669922,752.7435302734375,619.3858642578125,0.3851646780967712
Cicadellidae,31.15658569335937,165.3081817626953,739.9395751953125,625.6481323242188,0.4811989367008209
Cicadellidae,27.60394287109375,164.61581420898438,743.939453125,629.2586669921875,0.5454451441764832
Cicadellidae,30.857208251953125,166.5738983154297,744.013916015625,625.4916381835938,0.5101422667503357
Cicadellidae,31.16632080078125,164.743408203125,742.5594482421875,618.032958984375,0.5138681530952454
Cicadellidae,31.2540283203125,164.62466430664062,749.1981201171875,620.460693359375,0.3594087660312652
Cicadellidae,28.1531982421875,164.20278930664062,753.2530517578125,609.802490234375,0.3038902878761291
Brevipoalpus lewisi McGregor,281.5196838378906,0.0,1230.167724609375,704.4692993164062,0.3386632800102234
